question_id	section	state_code	question_number_in_section	question_text	option_a	option_b	option_c	option_d	source_notes
1	general	DE	1	In Deutschland dürfen Menschen offen etwas gegen die Regierung sagen, weil …	hier Religionsfreiheit gilt.	die Menschen Steuern zahlen.	die Menschen das Wahlrecht haben.	hier Meinungsfreiheit gilt.	
2	general	DE	2	In Deutschland können Eltern bis zum 14. Lebensjahr ihres Kindes entscheiden, ob es in der Schule am …	Geschichtsunterricht teilnimmt.	Religionsunterricht teilnimmt.	Politikunterricht teilnimmt.	Sprachunterricht teilnimmt.	
3	general	DE	3	Deutschland ist ein Rechtsstaat. Was ist damit gemeint?	Alle Einwohnerinnen/Einwohner und der Staat müssen sich an die Gesetze halten.	Der Staat muss sich nicht an die Gesetze halten.	Nur Deutsche müssen die Gesetze befolgen.	Die Gerichte machen die Gesetze.	
4	general	DE	4	Welches Recht gehört zu den Grundrechten in Deutschland?	Waffenbesitz	Faustrecht	Meinungsfreiheit	Selbstjustiz	
5	general	DE	5	Wahlen in Deutschland sind frei. Was bedeutet das?	Man darf Geld annehmen, wenn man dafür eine bestimmte Kandidatin/einen bestimmten Kandidaten wählt.	Nur Personen, die noch nie im Gefängnis waren, dürfen wählen.	Die Wählerin/der Wähler darf bei der Wahl weder beeinflusst noch zu einer bestimmten Stimmabgabe gezwungen werden und keine Nachteile durch die Wahl haben.	Alle wahlberechtigten Personen müssen wählen.	
6	general	DE	6	Wie heißt die deutsche Verfassung?	Volksgesetz	Bundesgesetz	Deutsches Gesetz	Grundgesetz	
7	general	DE	7	Welches Recht gehört zu den Grundrechten, die nach der deutschen Verfassung garantiert werden? Das Recht auf …	Glaubens- und Gewissensfreiheit	Unterhaltung	Arbeit	Wohnung	
8	general	DE	8	Was steht nicht im Grundgesetz von Deutschland?	Die Würde des Menschen ist unantastbar.	Alle sollen gleich viel Geld haben.	Jeder Mensch darf seine Meinung sagen.	Alle sind vor dem Gesetz gleich.	
9	general	DE	9	Welches Grundrecht gilt in Deutschland nur für Ausländerinnen/Ausländer? Das Grundrecht auf …	Schutz der Familie	Menschenwürde	Asyl	Meinungsfreiheit	
10	general	DE	10	Was ist mit dem deutschen Grundgesetz vereinbar?	die Prügelstrafe	die Folter	die Todesstrafe	die Geldstrafe	
11	general	DE	11	Wie wird die Verfassung der Bundesrepublik Deutschland genannt?	Grundgesetz	Bundesverfassung	Gesetzbuch	Verfassungsvertrag	
12	general	DE	12	Eine Partei im Deutschen Bundestag will die Pressefreiheit abschaffen. Ist das möglich?	Ja, wenn mehr als die Hälfte der Abgeordneten im Bundestag dafür sind.	Ja, aber dazu müssen zwei Drittel der Abgeordneten im Bundestag dafür sein.	Nein, denn die Pressefreiheit ist ein Grundrecht. Sie kann nicht abgeschafft werden.	Nein, denn nur der Bundesrat kann die Pressefreiheit abschaffen.	
13	general	DE	13	"Im Parlament steht der Begriff ""Opposition"" für …"	die regierenden Parteien.	die Fraktion mit den meisten Abgeordneten.	alle Parteien, die bei der letzten Wahl die 5%-Hürde erreichen konnten.	alle Abgeordneten, die nicht zu der Regierungspartei/den Regierungsparteien gehören.	
14	general	DE	14	Meinungsfreiheit in Deutschland heißt, dass ich …				Passanten auf der Straße beschimpfen darf. meine Meinung im Internet äußern kann. Nazi-, Hamas- oder Islamischer Staat-Symbole öffentlich tragen darf. meine Meinung nur dann äußern darf, solange ich der Regierung nicht widerspreche.	
15	general	DE	15	Was verbietet das deutsche Grundgesetz?	Militärdienst	Zwangsarbeit	freie Berufswahl	Arbeit im Ausland	
16	general	DE	16	Wann ist die Meinungsfreiheit in Deutschland eingeschränkt?	bei der öffentlichen Verbreitung falscher Behauptungen über einzelne Personen	bei Meinungsäußerungen über die Bundesregierung	bei Diskussionen über Religionen	bei Kritik am Staat	
17	general	DE	17	Die deutschen Gesetze verbieten …	Meinungsfreiheit der Einwohnerinnen und Einwohner.	Petitionen der Bürgerinnen und Bürger.	Versammlungsfreiheit der Einwohnerinnen und Einwohner.	Ungleichbehandlung der Bürgerinnen und Bürger durch den Staat.	
18	general	DE	18	Welches Grundrecht ist in Artikel 1 des Grundgesetzes der Bundesrepublik Deutschland garantiert?	die Unantastbarkeit der Menschenwürde	das Recht auf Leben	Religionsfreiheit	Meinungsfreiheit	
19	general	DE	19	"Was versteht man unter dem Recht der ""Freizügigkeit"" in Deutschland?"	Man darf sich seinen Wohnort selbst aussuchen.	Man kann seinen Beruf wechseln.	Man darf sich für eine andere Religion entscheiden.	Man darf sich in der Öffentlichkeit nur leicht bekleidet bewegen.	
20	general	DE	20	Eine Partei in Deutschland verfolgt das Ziel, eine Diktatur zu errichten. Sie ist dann …	tolerant.	rechtsstaatlich orientiert.	gesetzestreu.	verfassungswidrig.	
21	general	DE	21	Welches ist das Wappen der Bundesrepublik Deutschland?	Bild 1	Bild 2	Bild 3	Bild 4	Official PDF uses image labels for answer options.
22	general	DE	22	Was für eine Staatsform hat Deutschland?	Monarchie	Diktatur	Republik	Fürstentum	
23	general	DE	23	In Deutschland sind die meisten Erwerbstätigen …	in kleinen Familienunternehmen beschäftigt.	ehrenamtlich für ein Bundesland tätig.	selbstständig mit einer eigenen Firma tätig.	bei einer Firma oder Behörde beschäftigt.	
24	general	DE	24	Wie viele Bundesländer hat die Bundesrepublik Deutschland?	14	15	16	17	Official PDF uses numeric-only answer options.
25	general	DE	25	Was ist kein Bundesland der Bundesrepublik Deutschland?	Elsass-Lothringen	Nordrhein-Westfalen	Mecklenburg-Vorpommern	Sachsen-Anhalt	
26	general	DE	26	Deutschland ist …	eine kommunistische Republik.	ein demokratischer und sozialer Bundesstaat.	eine kapitalistische und soziale Monarchie.	ein sozialer und sozialistischer Bundesstaat.	
27	general	DE	27	Deutschland ist …	ein sozialistischer Staat.	ein Bundesstaat.	eine Diktatur.	eine Monarchie.	
28	general	DE	28	Wer wählt in Deutschland die Abgeordneten zum Bundestag?	das Militär	die Wirtschaft	das wahlberechtigte Volk	die Verwaltung	
29	general	DE	29	Welches Tier ist das Wappentier der Bundesrepublik Deutschland?	Löwe	Adler	Bär	Pferd	
30	general	DE	30	Was ist kein Merkmal unserer Demokratie?	regelmäßige Wahlen	Pressezensur	Meinungsfreiheit	verschiedene Parteien	
31	general	DE	31	Die Zusammenarbeit von Parteien zur Bildung einer Regierung nennt man in Deutschland …	Einheit.	Koalition.	Ministerium.	Fraktion.	
32	general	DE	32	Was ist keine staatliche Gewalt in Deutschland?	Gesetzgebung	Regierung	Presse	Rechtsprechung	
33	general	DE	33	Welche Aussage ist richtig? In Deutschland …	sind Staat und Religionsgemeinschaften voneinander getrennt.	bilden die Religionsgemeinschaften den Staat.	ist der Staat abhängig von den Religionsgemeinschaften.	bilden Staat und Religionsgemeinschaften eine Einheit.	
34	general	DE	34	Was ist Deutschland nicht?	eine Demokratie	ein Rechtsstaat	eine Monarchie	ein Sozialstaat	
35	general	DE	35	Womit finanziert der deutsche Staat die Sozialversicherung?	Kirchensteuer	Sozialabgaben	Spendengeldern	Vereinsbeiträgen	
36	general	DE	36	Welche Maßnahme schafft in Deutschland soziale Sicherheit?	die Krankenversicherung	die Autoversicherung	die Gebäudeversicherung	die Haftpflichtversicherung	
37	general	DE	37	Wie werden die Regierungschefinnen/Regierungschefs der meisten Bundesländer in Deutschland genannt?	Erste Ministerin/Erster Minister	Premierministerin/Premierminister	Senatorin/Senator	Ministerpräsidentin/Ministerpräsident	
38	general	DE	38	Die Bundesrepublik Deutschland ist ein demokratischer und sozialer …	Staatenverbund.	Bundesstaat.	Staatenbund.	Zentralstaat.	
39	general	DE	39	Was hat jedes deutsche Bundesland?	eine eigene Außenministerin/einen eigenen Außenminister	eine eigene Währung	eine eigene Armee	eine eigene Regierung	
40	general	DE	40	Mit welchen Worten beginnt die deutsche Nationalhymne?	Völker, hört die Signale …	Einigkeit und Recht und Freiheit …	Freude schöner Götterfunken …	Deutschland einig Vaterland …	
41	general	DE	41	Warum gibt es in einer Demokratie mehr als eine Partei?	weil dadurch die unterschiedlichen Meinungen der Bürgerinnen und Bürger vertreten werden	damit Bestechung in der Politik begrenzt wird	um politische Demonstrationen zu verhindern	um wirtschaftlichen Wettbewerb anzuregen	
42	general	DE	42	Wer beschließt in Deutschland ein neues Gesetz?	die Regierung	das Parlament	die Gerichte	die Polizei	
43	general	DE	43	Wann kann in Deutschland eine Partei verboten werden?	wenn ihr Wahlkampf zu teuer ist	wenn sie gegen die Verfassung kämpft	wenn sie Kritik am Staatsoberhaupt äußert	wenn ihr Programm eine neue Richtung vorschlägt	
44	general	DE	44	Wen kann man als Bürgerin/Bürger in Deutschland nicht direkt wählen?	Abgeordnete des EU-Parlaments	Die Bundespräsidentin/den Bundespräsidenten	Landtagsabgeordnete	Bundestagsabgeordnete	
45	general	DE	45	Zu welcher Versicherung gehört die Pflegeversicherung?	Sozialversicherung	Unfallversicherung	Hausratsversicherung	Haftpflicht- und Feuerversicherung	
46	general	DE	46	Der deutsche Staat hat viele Aufgaben. Welche Aufgabe gehört dazu?	Er baut Straßen und Schulen.	Er verkauft Lebensmittel und Kleidung.	Er versorgt alle Einwohnerinnen und Einwohner kostenlos mit Zeitungen.	Er produziert Autos und Busse.	
47	general	DE	47	Der deutsche Staat hat viele Aufgaben. Welche Aufgabe gehört nicht dazu?	Er bezahlt für alle Staatsangehörigen Urlaubsreisen.	Er zahlt Kindergeld.	Er unterstützt Museen.	Er fördert Sportlerinnen und Sportler.	
48	general	DE	48	Welches Organ gehört nicht zu den Verfassungsorganen Deutschlands?	der Bundesrat	die Bundespräsidentin/der Bundespräsident	die Bürgerversammlung	die Regierung	
49	general	DE	49	Wer bestimmt in Deutschland die Schulpolitik?	die Lehrer und Lehrerinnen	die Bundesländer	das Familienministerium	die Universitäten	
50	general	DE	50	Die Wirtschaftsform in Deutschland nennt man …	freie Zentralwirtschaft.	soziale Marktwirtschaft.	gelenkte Zentralwirtschaft.	Planwirtschaft.	
51	general	DE	51	Zu einem demokratischen Rechtsstaat gehört es nicht, dass …	Menschen sich kritisch über die Regierung äußern können.	Bürger friedlich demonstrieren gehen dürfen.	Menschen von einer Privatpolizei ohne Grund verhaftet werden.	jemand ein Verbrechen begeht und deshalb verhaftet wird.	
52	general	DE	52	"Was bedeutet ""Volkssouveränität""? Alle Staatsgewalt geht vom ..."	Volke aus.	Bundestag aus.	preußischen König aus.	Bundesverfassungsgericht aus.	
53	general	DE	53	"Was bedeutet ""Rechtsstaat"" in Deutschland?"	Der Staat hat Recht.	Es gibt nur rechte Parteien.	Die Bürgerinnen und Bürger entscheiden über Gesetze.	Der Staat muss die Gesetze einhalten.	
54	general	DE	54	Was ist keine staatliche Gewalt in Deutschland?	Legislative	Judikative	Exekutive	Direktive	
55	general	DE	55	Was zeigt dieses Bild? © Deutscher Bundestag/Achim Melde	den Bundestagssitz in Berlin	das Bundesverfassungsgericht in Karlsruhe	das Bundesratsgebäude in Berlin	das Bundeskanzleramt in Berlin	
56	general	DE	56	Welches Amt gehört in Deutschland zur Gemeindeverwaltung?	Pfarramt	Ordnungsamt	Finanzamt	Auswärtiges Amt	
57	general	DE	57	Wer wird meistens zur Präsidentin/zum Präsidenten des Deutschen Bundestages gewählt?	die/der älteste Abgeordnete im Parlament	die Ministerpräsidentin/der Ministerpräsident des größten Bundeslandes	eine ehemalige Bundeskanzlerin/ein ehemaliger Bundeskanzler	eine Abgeordnete/ein Abgeordneter der stärksten Fraktion	
58	general	DE	58	Wer ernennt in Deutschland die Ministerinnen/die Minister der Bundesregierung?	die Präsidentin/der Präsident des Bundesverfassungsgerichtes	die Bundespräsidentin/der Bundespräsident	die Bundesratspräsidentin/der Bundesratspräsident	die Bundestagspräsidentin/der Bundestagspräsident	
59	general	DE	59	Vor wie vielen Jahren gab es erstmals eine jüdische Gemeinde auf dem Gebiet des heutigen Deutschlands? □ vor etwa 300 Jahren □ vor etwa 700 Jahren □ vor etwa 1150 Jahren □ vor etwa 1700 Jahren					
60	general	DE	60	In Deutschland gehören der Bundestag und der Bundesrat zur …	Exekutive.	Legislative.	Direktive.	Judikative.	
61	general	DE	61	"Was bedeutet ""Volkssouveränität""?"	Die Königin/der König herrscht über das Volk.	Das Bundesverfassungsgericht steht über der Verfassung.	Die Interessenverbände üben die Souveränität zusammen mit der Regierung aus.	Die Staatsgewalt geht vom Volke aus.	
62	general	DE	62	Wenn das Parlament eines deutschen Bundeslandes gewählt wird, nennt man das …	Kommunalwahl	Landtagswahl	Europawahl	Bundestagswahl	
63	general	DE	63	Was gehört in Deutschland nicht zur Exekutive?	die Polizei	die Gerichte	das Finanzamt	die Ministerien	
64	general	DE	64	Die Bundesrepublik Deutschland ist heute gegliedert in …	vier Besatzungszonen.	einen Oststaat und einen Weststaat.	16 Kantone.	Bund, Länder und Kommunen.	
65	general	DE	65	Es gehört nicht zu den Aufgaben des Deutschen Bundestages, …	Gesetze zu entwerfen.	die Bundesregierung zu kontrollieren.	die Bundeskanzlerin/den Bundeskanzler zu wählen.	das Bundeskabinett zu bilden.	
66	general	DE	66	Welche Städte haben die größten jüdischen Gemeinden in Deutschland? □ Berlin und München □ Hamburg und Essen □ Nürnberg und Stuttgart □ Worms und Speyer					
67	general	DE	67	Was ist in Deutschland vor allem eine Aufgabe der Bundesländer?	Verteidigungspolitik	Außenpolitik	Wirtschaftspolitik	Schulpolitik	
68	general	DE	68	Warum kontrolliert der Staat in Deutschland das Schulwesen?	weil es in Deutschland nur staatliche Schulen gibt	weil alle Schülerinnen und Schüler einen Schulabschluss haben müssen	weil es in den Bundesländern verschiedene Schulen gibt	weil es nach dem Grundgesetz seine Aufgabe ist	
69	general	DE	69	Die Bundesrepublik Deutschland hat einen dreistufigen Verwaltungsaufbau. Wie heißt die unterste politische Stufe?	Stadträte	Landräte	Gemeinden	Bezirksämter	
70	general	DE	70	Der deutsche Bundespräsident Gustav Heinemann gibt Helmut Schmidt 1974 die Ernennungsurkunde zum deutschen Bundeskanzler. Was gehört zu den Aufgaben der deutschen Bundespräsidentin/des deutschen Bundespräsidenten? © Bundesregierung/Engelbert Reineke	Sie/Er führt die Regierungsgeschäfte.	Sie/Er kontrolliert die Regierungspartei.	Sie/Er wählt die Ministerinnen/Minister aus.	Sie/Er schlägt die Kanzlerin/den Kanzler zur Wahl vor.	
71	general	DE	71	Wo hält sich die deutsche Bundeskanzlerin/der deutsche Bundeskanzler am häufigsten auf? Am häufigsten ist sie/er …	in Bonn, weil sich dort das Bundeskanzleramt und der Bundestag befinden.	auf Schloss Meseberg, dem Gästehaus der Bundesregierung, um Staatsgäste zu empfangen.	auf Schloss Bellevue, dem Amtssitz der Bundespräsidentin/des Bundespräsidenten, um Staatsgäste zu empfangen.	in Berlin, weil sich dort das Bundeskanzleramt und der Bundestag befinden.	
72	general	DE	72	Wie heißt die jetzige Bundeskanzlerin/der jetzige Bundeskanzler von Deutschland?	Gerhard Schröder	Angela Merkel	Ursula von der Leyen	Friedrich Merz	
73	general	DE	73	Die beiden größten Fraktionen im Deutschen Bundestag heißen zurzeit …	CDU/CSU und AfD.	Die Linke und Bündnis 90/Die Grünen.	Bündnis 90/Die Grünen und SPD.	Die Linke und CDU/CSU.	
74	general	DE	74	Wie heißt das Parlament für ganz Deutschland?	Bundesversammlung	Volkskammer	Bundestag	Bundesgerichtshof	
75	general	DE	75	Wie heißt Deutschlands heutiges Staatsoberhaupt?	Frank-Walter Steinmeier	Bärbel Bas	Bodo Ramelow	Joachim Gauck	
76	general	DE	76	Was bedeutet die Abkürzung CDU in Deutschland?	Christliche Deutsche Union	Club Deutscher Unternehmer	Christlicher Deutscher Umweltschutz	Christlich Demokratische Union	
77	general	DE	77	Was ist die Bundeswehr?	die deutsche Polizei	ein deutscher Hafen	eine deutsche Bürgerinitiative	die deutsche Armee	
78	general	DE	78	Was bedeutet die Abkürzung SPD?	Sozialistische Partei Deutschlands	Sozialpolitische Partei Deutschlands	Sozialdemokratische Partei Deutschlands	Sozialgerechte Partei Deutschlands	
79	general	DE	79	Was bedeutet die Abkürzung FDP in Deutschland?	Friedliche Demonstrative Partei	Freie Deutschland Partei	Führende Demokratische Partei	Freie Demokratische Partei	
80	general	DE	80	Welches Gericht in Deutschland ist zuständig für die Auslegung des Grundgesetzes?	Oberlandesgericht	Amtsgericht	Bundesverfassungsgericht	Verwaltungsgericht	
81	general	DE	81	Wer wählt die Bundeskanzlerin/den Bundeskanzler in Deutschland?	der Bundesrat	die Bundesversammlung	das Volk	der Bundestag	
82	general	DE	82	Wer leitet das deutsche Bundeskabinett?	die Bundestagspräsidentin/der Bundestagspräsident	die Bundespräsidentin/der Bundespräsident	die Bundesratspräsidentin/der Bundesratspräsident	die Bundeskanzlerin/der Bundeskanzler	
83	general	DE	83	Wer wählt die deutsche Bundeskanzlerin/den deutschen Bundeskanzler?	das Volk	die Bundesversammlung	der Bundestag	die Bundesregierung	
84	general	DE	84	Welche Hauptaufgabe hat die deutsche Bundespräsidentin/der deutsche Bundespräsident? Sie/Er …	regiert das Land.	entwirft die Gesetze.	repräsentiert das Land.	überwacht die Einhaltung der Gesetze.	
85	general	DE	85	Wer bildet den deutschen Bundesrat?	die Abgeordneten des Bundestages	die Ministerinnen und Minister der Bundesregierung	die Regierungsvertreter der Bundesländer	die Parteimitglieder	
86	general	DE	86	Wer wählt in Deutschland die Bundespräsidentin/den Bundespräsidenten?	die Bundesversammlung	der Bundesrat	das Bundesparlament	das Bundesverfassungsgericht	
87	general	DE	87	Wer ist das Staatsoberhaupt der Bundesrepublik Deutschland?	die Bundeskanzlerin/der Bundeskanzler	die Bundespräsidentin/der Bundespräsident	die Bundesratspräsidentin/der Bundesratspräsident	die Bundestagspräsidentin/der Bundestagspräsident	
88	general	DE	88	Die parlamentarische Opposition im Deutschen Bundestag …	kontrolliert die Regierung.	entscheidet, wer Bundesministerin/Bundesminister wird.	bestimmt, wer im Bundesrat sitzt.	schlägt die Regierungschefinnen/Regierungschefs der Länder vor.	
89	general	DE	89	Wie nennt man in Deutschland die Vereinigung von Abgeordneten einer Partei im Parlament?	Verband	Ältestenrat	Fraktion	Opposition	
90	general	DE	90	Die deutschen Bundesländer wirken an der Gesetzgebung des Bundes mit durch …	den Bundesrat.	die Bundesversammlung.	den Bundestag.	die Bundesregierung.	
91	general	DE	91	In Deutschland kann ein Regierungswechsel in einem Bundesland Auswirkungen auf die Bundespolitik haben. Das Regieren wird …	schwieriger, wenn sich dadurch die Mehrheit im Bundestag ändert.	leichter, wenn dadurch neue Parteien in den Bundesrat kommen.	schwieriger, wenn dadurch die Mehrheit im Bundesrat verändert wird.	leichter, wenn es sich um ein reiches Bundesland handelt.	
92	general	DE	92	Was bedeutet die Abkürzung CSU in Deutschland?	Christlich Sichere Union	Christlich Süddeutsche Union	Christlich Sozialer Unternehmerverband	Christlich Soziale Union	
93	general	DE	93	"Je mehr ""Zweitstimmen"" eine Partei bei einer Bundestagswahl bekommt, desto …"	weniger Erststimmen kann sie haben.	mehr Direktkandidaten der Partei ziehen ins Parlament ein.	größer ist das Risiko, eine Koalition bilden zu müssen.	mehr Sitze erhält die Partei im Parlament.	
94	general	DE	94	Ab welchem Alter darf man in Deutschland an der Wahl zum Deutschen Bundestag teilnehmen?	16	18	21	23	Official PDF uses numeric-only answer options.
95	general	DE	95	Was gilt für die meisten Kinder in Deutschland?	Wahlpflicht	Schulpflicht	Schweigepflicht	Religionspflicht	
96	general	DE	96	Wie kann jemand, der den Holocaust leugnet, bestraft werden? □ Kürzung sozialer Leistungen □ bis zu 100 Sozialstunden □ gar nicht, Holocaustleugnung ist erlaubt □ mit Freiheitsstrafe bis zu fünf Jahren oder mit Geldstrafe					
97	general	DE	97	Was bezahlt man in Deutschland automatisch, wenn man fest angestellt ist?	Sozialversicherung	Sozialhilfe	Kindergeld	Wohngeld	
98	general	DE	98	Wenn Abgeordnete im Deutschen Bundestag ihre Fraktion wechseln, …	dürfen sie nicht mehr an den Sitzungen des Parlaments teilnehmen.	kann die Regierung ihre Mehrheit verlieren.	muss die Bundespräsidentin/der Bundespräsident zuvor ihr/sein Einverständnis geben.	dürfen die Wählerinnen/Wähler dieser Abgeordneten noch einmal wählen.	
99	general	DE	99	Wer bezahlt in Deutschland die Sozialversicherungen?	Arbeitgeberinnen/Arbeitgeber und Arbeitnehmerinnen/Arbeitnehmer	nur Arbeitnehmerinnen/Arbeitnehmer	alle Staatsangehörigen	nur Arbeitgeberinnen/Arbeitgeber	
100	general	DE	100	Was gehört nicht zur gesetzlichen Sozialversicherung?	die Lebensversicherung	die gesetzliche Rentenversicherung	die Arbeitslosenversicherung	die Pflegeversicherung	
101	general	DE	101	Gewerkschaften sind Interessenverbände der …	Jugendlichen.	Arbeitnehmerinnen und Arbeitnehmer.	Rentnerinnen und Rentner.	Arbeitgeberinnen und Arbeitgeber.	
102	general	DE	102	Womit kann man in der Bundesrepublik Deutschland geehrt werden, wenn man auf politischem, wirtschaftlichem, kulturellem, geistigem oder sozialem Gebiet eine besondere Leistung erbracht hat? Mit dem …	Bundesverdienstkreuz	Bundesadler	Vaterländischen Verdienstorden	"Ehrentitel ""Held der Deutschen Demokratischen Republik"""	
103	general	DE	103	"Was wird in Deutschland als ""Ampelkoalition"" bezeichnet? Die Zusammenarbeit …"	der Bundestagsfraktionen von CDU und CSU	von SPD, FDP und Bündnis 90/Die Grünen in einer Regierung	von CSU, Die LINKE und Bündnis 90/Die Grünen in einer Regierung	der Bundestagsfraktionen von CDU und SPD	
104	general	DE	104	Eine Frau in Deutschland verliert ihre Arbeit. Was darf nicht der Grund für diese Entlassung sein?	Die Frau ist lange krank und arbeitsunfähig.	Die Frau kam oft zu spät zur Arbeit.	Die Frau erledigt private Sachen während der Arbeitszeit.	Die Frau bekommt ein Kind und ihr Chef weiß das.	
105	general	DE	105	Was ist eine Aufgabe von Wahlhelferinnen/Wahlhelfern in Deutschland?	Sie helfen alten Menschen bei der Stimmabgabe in der Wahlkabine.	Sie schreiben die Wahlbenachrichtigungen vor der Wahl.	Sie geben Zwischenergebnisse an die Medien weiter.	Sie zählen die Stimmen nach dem Ende der Wahl.	
106	general	DE	106	In Deutschland helfen ehrenamtliche Wahlhelferinnen und Wahlhelfer bei den Wahlen. Was ist eine Aufgabe von Wahlhelferinnen/Wahlhelfern?	Sie helfen Kindern und alten Menschen beim Wählen.	Sie schreiben Karten und Briefe mit der Angabe des Wahllokals.	Sie geben Zwischenergebnisse an Journalisten weiter.	Sie zählen die Stimmen nach dem Ende der Wahl.	
107	general	DE	107	Für wie viele Jahre wird der Bundestag in Deutschland gewählt?	2 Jahre	4 Jahre	6 Jahre	8 Jahre	
108	general	DE	108	Bei einer Bundestagswahl in Deutschland darf jede/jeder wählen, die/der …	in der Bundesrepublik Deutschland wohnt und wählen möchte.	Bürgerin/Bürger der Bundesrepublik Deutschland ist und mindestens 18 Jahre alt ist.	seit mindestens 3 Jahren in der Bundesrepublik Deutschland lebt.	Bürgerin/Bürger der Bundesrepublik Deutschland ist und mindestens 21 Jahre alt ist.	
109	general	DE	109	Wie oft gibt es normalerweise Bundestagswahlen in Deutschland?	alle drei Jahre	alle vier Jahre	alle fünf Jahre	alle sechs Jahre	
110	general	DE	110	Für wie viele Jahre wird der Bundestag in Deutschland gewählt?	2 Jahre	3 Jahre	4 Jahre	5 Jahre	
111	general	DE	111	Welche Handlungen mit Bezug auf den Staat Israel sind in Deutschland verboten? □ die Politik Israels öffentlich kritisieren □ das Aufhängen einer israelischen Flagge auf dem Privatgrundstück □ eine Diskussion über die Politik Israels □ der öffentliche Aufruf zur Vernichtung Israels					
112	general	DE	112	Die Wahlen in Deutschland sind …	speziell.	geheim.	berufsbezogen.	geschlechtsabhängig.	
113	general	DE	113	Wahlen in Deutschland gewinnt die Partei, die …	die meisten Stimmen bekommt.	die meisten Männer mehrheitlich gewählt haben.	die meisten Stimmen bei den Arbeiterinnen/Arbeitern bekommen hat.	die meisten Erststimmen für ihre Kanzlerkandidatin/ihren Kanzlerkandidaten erhalten hat.	
114	general	DE	114	An demokratischen Wahlen in Deutschland teilzunehmen ist …	eine Pflicht.	ein Recht.	ein Zwang.	eine Last.	
115	general	DE	115	"Was bedeutet ""aktives Wahlrecht"" in Deutschland?"	Man kann gewählt werden.	Man muss wählen gehen.	Man kann wählen.	Man muss zur Auszählung der Stimmen gehen.	
116	general	DE	116	Wenn Sie bei einer Bundestagswahl in Deutschland wählen dürfen, heißt das …	aktive Wahlkampagne.	aktives Wahlverfahren.	aktiver Wahlkampf.	aktives Wahlrecht.	
117	general	DE	117	Wie viel Prozent der Zweitstimmen müssen Parteien mindestens bekommen, um in den Deutschen Bundestag gewählt zu werden?	3%	4%	5%	6%	
118	general	DE	118	Wer darf bei den rund 40 jüdischen Makkabi-Sportvereinen Mitglied werden? □ nur Deutsche □ nur Israelis □ nur religiöse Menschen □ alle Menschen					
119	general	DE	119	Wahlen in Deutschland sind frei. Was bedeutet das?	Alle verurteilten Straftäterinnen/Straftäter dürfen nicht wählen.	Wenn ich wählen gehen möchte, muss meine Arbeitgeberin/mein Arbeitgeber mir frei geben.	Jede Person kann ohne Zwang entscheiden, ob sie wählen möchte und wen sie wählen möchte.	Ich kann frei entscheiden, wo ich wählen gehen möchte.	
120	general	DE	120	Das Wahlsystem in Deutschland ist ein …	Zensuswahlrecht.	Dreiklassenwahlrecht.	Mehrheits- und Verhältniswahlrecht.	allgemeines Männerwahlrecht.	
121	general	DE	121	Eine Partei möchte in den Deutschen Bundestag. Sie muss aber einen Mindestanteil an Wählerstimmen haben. Das heißt …	5%-Hürde.	Zulassungsgrenze.	Basiswert.	Richtlinie.	
122	general	DE	122	Welchem Grundsatz unterliegen Wahlen in Deutschland? Wahlen in Deutschland sind …	frei, gleich, geheim.	offen, sicher, frei.	geschlossen, gleich, sicher.	sicher, offen, freiwillig.	
123	general	DE	123	"Was ist in Deutschland die ""5%-Hürde""?"	Abstimmungsregelung im Bundestag für kleine Parteien	Anwesenheitskontrolle im Bundestag für Abstimmungen	Mindestanteil an Wählerstimmen, um ins Parlament zu kommen	Anwesenheitskontrolle im Bundesrat für Abstimmungen	
124	general	DE	124	Die Bundestagswahl in Deutschland ist die Wahl …	der Bundeskanzlerin/des Bundeskanzlers.	der Parlamente der Länder.	des Parlaments für Deutschland.	der Bundespräsidentin/des Bundespräsidenten.	
125	general	DE	125	In einer Demokratie ist eine Funktion von regelmäßigen Wahlen, …	die Bürgerinnen und Bürger zu zwingen, ihre Stimme abzugeben.	nach dem Willen der Wählermehrheit den Wechsel der Regierung zu ermöglichen.	im Land bestehende Gesetze beizubehalten.	den Armen mehr Macht zu geben.	
126	general	DE	126	Was bekommen wahlberechtigte Bürgerinnen und Bürger in Deutschland vor einer Wahl?	eine Wahlbenachrichtigung von der Gemeinde	eine Wahlerlaubnis von der Bundespräsidentin/von dem Bundespräsidenten	eine Benachrichtigung von der Bundesversammlung	eine Benachrichtigung vom Pfarramt	
127	general	DE	127	Warum gibt es die 5%-Hürde im Wahlgesetz der Bundesrepublik Deutschland? Es gibt sie, weil …	die Programme von vielen kleinen Parteien viele Gemeinsamkeiten haben.	die Bürgerinnen und Bürger bei vielen kleinen Parteien die Orientierung verlieren können.	viele kleine Parteien die Regierungsbildung erschweren.	die kleinen Parteien nicht so viel Geld haben, um die Politikerinnen und Politiker zu bezahlen.	
128	general	DE	128	Parlamentsmitglieder, die von den Bürgerinnen und Bürgern gewählt werden, nennt man …	Abgeordnete.	Kanzlerinnen/Kanzler.	Botschafterinnen/Botschafter.	Ministerpräsidentinnen/Ministerpräsidenten.	
129	general	DE	129	Vom Volk gewählt wird in Deutschland …	die Bundeskanzlerin/der Bundeskanzler.	die Ministerpräsidentin/der Ministerpräsident eines Bundeslandes.	der Bundestag.	die Bundespräsidentin/der Bundespräsident.	
130	general	DE	130	Welcher Stimmzettel wäre bei einer Bundestagswahl gültig? In Anlehnung an Bundeswahlordnung (BWO), Anlage 26	1	2	3	4	Official PDF uses numeric-only answer options.
131	general	DE	131	In Deutschland ist eine Bürgermeisterin/ein Bürgermeister …	die Leiterin/der Leiter einer Schule.	die Chefin/der Chef einer Bank.	das Oberhaupt einer Gemeinde.	die/der Vorsitzende einer Partei.	
132	general	DE	132	Viele Menschen in Deutschland arbeiten in ihrer Freizeit ehrenamtlich. Was bedeutet das?	Sie arbeiten als Soldatinnen/Soldaten.	Sie arbeiten freiwillig und unbezahlt in Vereinen und Verbänden.	Sie arbeiten in der Bundesregierung.	Sie arbeiten in einem Krankenhaus und verdienen dabei Geld.	
133	general	DE	133	Was ist bei Bundestags- und Landtagswahlen in Deutschland erlaubt?	Der Ehemann wählt für seine Frau mit.	Man kann durch Briefwahl seine Stimme abgeben.	Man kann am Wahltag telefonisch seine Stimme abgeben.	Kinder ab dem Alter von 14 Jahren dürfen wählen.	
134	general	DE	134	Man will die Buslinie abschaffen, mit der Sie immer zur Arbeit fahren. Was können Sie machen, um die Buslinie zu erhalten?	Ich beteilige mich an einer Bürgerinitiative für die Erhaltung der Buslinie oder gründe selber eine Initiative.	Ich werde Mitglied in einem Sportverein und trainiere Radfahren.	Ich wende mich an das Finanzamt, weil ich als Steuerzahlerin/Steuerzahler ein Recht auf die Buslinie habe.	Ich schreibe einen Brief an das Forstamt der Gemeinde.	
135	general	DE	135	Wen vertreten die Gewerkschaften in Deutschland?	große Unternehmen	kleine Unternehmen	Selbstständige	Arbeitnehmerinnen und Arbeitnehmer	
136	general	DE	136	Sie gehen in Deutschland zum Arbeitsgericht bei …	falscher Nebenkostenabrechnung.	ungerechtfertigter Kündigung durch Ihre Chefin/Ihren Chef.	Problemen mit den Nachbarinnen/Nachbarn.	Schwierigkeiten nach einem Verkehrsunfall.	
137	general	DE	137	Welches Gericht ist in Deutschland bei Konflikten in der Arbeitswelt zuständig?	das Familiengericht	das Strafgericht	das Arbeitsgericht	das Amtsgericht	
138	general	DE	138	Was kann ich in Deutschland machen, wenn mir meine Arbeitgeberin/mein Arbeitgeber zu Unrecht gekündigt hat?	weiterarbeiten und freundlich zur Chefin/zum Chef sein	ein Mahnverfahren gegen die Arbeitgeberin/den Arbeitgeber führen	Kündigungsschutzklage erheben	die Arbeitgeberin/den Arbeitgeber bei der Polizei anzeigen	
139	general	DE	139	Wann kommt es in Deutschland zu einem Prozess vor Gericht? Wenn jemand …	zu einer anderen Religion übertritt.	eine Straftat begangen hat und angeklagt wird.	eine andere Meinung als die der Regierung vertritt.	sein Auto falsch geparkt hat und es abgeschleppt wird.	
140	general	DE	140	Was macht eine Schöffin/ein Schöffe in Deutschland? Sie/Er …	entscheidet mit Richterinnen/Richtern über Schuld und Strafe.	gibt Bürgerinnen/Bürgern rechtlichen Rat.	stellt Urkunden aus.	verteidigt die Angeklagte/den Angeklagten.	
141	general	DE	141	Wer berät in Deutschland Personen bei Rechtsfragen und vertritt sie vor Gericht?	eine Rechtsanwältin/ein Rechtsanwalt	eine Richterin/ein Richter	eine Schöffin/ein Schöffe	eine Staatsanwältin/ein Staatsanwalt	
142	general	DE	142	Was ist die Hauptaufgabe einer Richterin/eines Richters in Deutschland? Eine Richterin/ein Richter …	vertritt Bürgerinnen und Bürger vor einem Gericht.	arbeitet an einem Gericht und spricht Urteile.	ändert Gesetze.	betreut Jugendliche vor Gericht.	
143	general	DE	143	Eine Richterin/ein Richter in Deutschland gehört zur …	Judikative.	Exekutive.	Operative.	Legislative.	
144	general	DE	144	Eine Richterin/ein Richter gehört in Deutschland zur …	vollziehenden Gewalt.	rechtsprechenden Gewalt.	planenden Gewalt.	gesetzgebenden Gewalt.	
145	general	DE	145	In Deutschland wird die Staatsgewalt geteilt. Für welche Staatsgewalt arbeitet eine Richterin/ein Richter? Für die …	Judikative	Exekutive	Presse	Legislative	
146	general	DE	146	Wie nennt man in Deutschland ein Verfahren vor einem Gericht?	Programm	Prozedur	Protokoll	Prozess	
147	general	DE	147	Was ist die Arbeit einer Richterin/eines Richters in Deutschland?	Deutschland regieren	Recht sprechen	Pläne erstellen	Gesetze erlassen	
148	general	DE	148	Was ist eine Aufgabe der Polizei in Deutschland?	das Land zu verteidigen	die Bürgerinnen und Bürger abzuhören	die Gesetze zu beschließen	die Einhaltung von Gesetzen zu überwachen	
149	general	DE	149	Was ist ein Beispiel für antisemitisches Verhalten? □ ein jüdisches Fest besuchen □ die israelische Regierung kritisieren □ den Holocaust leugnen □ gegen Juden Fußball spielen.					
150	general	DE	150	Eine Gerichtsschöffin/ein Gerichtsschöffe in Deutschland ist …	die Stellvertreterin/der Stellvertreter des Stadtoberhaupts.	eine ehrenamtliche Richterin/ein ehrenamtlicher Richter.	ein Mitglied eines Gemeinderats.	eine Person, die Jura studiert hat.	
151	general	DE	151	Wer baute die Mauer in Berlin?	Großbritannien	die DDR	die Bundesrepublik Deutschland	die USA	
152	general	DE	152	Wann waren die Nationalsozialisten mit Adolf Hitler in Deutschland an der Macht?	1918 bis 1923	1932 bis 1950	1933 bis 1945	1945 bis 1989	
153	general	DE	153	Was war am 8. Mai 1945?	Tod Adolf Hitlers	Beginn des Berliner Mauerbaus	Wahl von Konrad Adenauer zum Bundeskanzler	Ende des Zweiten Weltkriegs in Europa	
154	general	DE	154	Wann war der Zweite Weltkrieg zu Ende?	1933	1945	1949	1961	Official PDF uses numeric-only answer options.
155	general	DE	155	Wann waren die Nationalsozialisten in Deutschland an der Macht?	1888 bis 1918	1921 bis 1934	1933 bis 1945	1949 bis 1963	
156	general	DE	156	In welchem Jahr wurde Hitler Reichskanzler?	1923	1927	1933	1936	Official PDF uses numeric-only answer options.
157	general	DE	157	Die Nationalsozialisten mit Adolf Hitler errichteten 1933 in Deutschland …	eine Diktatur.	einen demokratischen Staat.	eine Monarchie.	ein Fürstentum.	
158	general	DE	158	"Das ""Dritte Reich"" war eine …"	Diktatur.	Demokratie.	Monarchie.	Räterepublik.	
159	general	DE	159	Was gab es in Deutschland nicht während der Zeit des Nationalsozialismus?	freie Wahlen	Pressezensur	willkürliche Verhaftungen	Verfolgung von Juden	
160	general	DE	160	Welcher Krieg dauerte von 1939 bis 1945?	der Erste Weltkrieg	der Zweite Weltkrieg	der Vietnamkrieg	der Golfkrieg	
161	general	DE	161	Was kennzeichnete den NS-Staat? Eine Politik …	des staatlichen Rassismus	der Meinungsfreiheit	der allgemeinen Religionsfreiheit	der Entwicklung der Demokratie	
162	general	DE	162	Claus Schenk Graf von Stauffenberg wurde bekannt durch …	eine Goldmedaille bei den Olympischen Spielen 1936.	den Bau des Reichstagsgebäudes.	den Aufbau der Wehrmacht.	das Attentat auf Hitler am 20. Juli 1944.	
163	general	DE	163	In welchem Jahr zerstörten die Nationalsozialisten Synagogen und jüdische Geschäfte in Deutschland?	1925	1930	1938	1945	Official PDF uses numeric-only answer options.
164	general	DE	164	Was passierte am 9. November 1938 in Deutschland?	Mit dem Angriff auf Polen beginnt der Zweite Weltkrieg.	Die Nationalsozialisten verlieren eine Wahl und lösen den Reichstag auf.	Jüdische Geschäfte und Synagogen werden durch Nationalsozialisten und ihre Anhänger zerstört.	Hitler wird Reichspräsident und lässt alle Parteien verbieten.	
165	general	DE	165	Wie hieß der erste Bundeskanzler der Bundesrepublik Deutschland?	Konrad Adenauer	Kurt Georg Kiesinger	Helmut Schmidt	Willy Brandt	
166	general	DE	166	"Bei welchen Demonstrationen in Deutschland riefen die Menschen ""Wir sind das Volk""?"	beim Arbeiteraufstand 1953 in der DDR	bei den Demonstrationen 1968 in der Bundesrepublik Deutschland	bei den Anti-Atomkraft-Demonstrationen 1985 in der Bundesrepublik Deutschland	bei den Montagsdemonstrationen 1989 in der DDR	
167	general	DE	167	"Welche Länder wurden nach dem Zweiten Weltkrieg in Deutschland als ""Alliierte Besatzungsmächte"" bezeichnet?"	Sowjetunion, Großbritannien, Polen, Schweden	Frankreich, Sowjetunion, Italien, Japan	USA, Sowjetunion, Spanien, Portugal	USA, Sowjetunion, Großbritannien, Frankreich	
168	general	DE	168	"Welches Land war keine ""Alliierte Besatzungsmacht"" in Deutschland?"	USA	Sowjetunion	Frankreich	Japan	
169	general	DE	169	Wann wurde die Bundesrepublik Deutschland gegründet?	1939	1945	1949	1951	Official PDF uses numeric-only answer options.
170	general	DE	170	Was gab es während der Zeit des Nationalsozialismus in Deutschland?	das Verbot von Parteien	das Recht zur freien Entfaltung der Persönlichkeit	Pressefreiheit	den Schutz der Menschenwürde	
171	general	DE	171	Soziale Marktwirtschaft bedeutet, die Wirtschaft …	steuert sich allein nach Angebot und Nachfrage.	wird vom Staat geplant und gesteuert, Angebot und Nachfrage werden nicht berücksichtigt.	richtet sich nach der Nachfrage im Ausland.	richtet sich nach Angebot und Nachfrage, aber der Staat sorgt für einen sozialen Ausgleich.	
172	general	DE	172	In welcher Besatzungszone wurde die DDR gegründet? In der …	amerikanischen Besatzungszone	französischen Besatzungszone	britischen Besatzungszone	sowjetischen Besatzungszone	
173	general	DE	173	Die Bundesrepublik Deutschland ist ein Gründungsmitglied …	des Nordatlantikpakts (NATO).	der Vereinten Nationen (VN).	der Europäischen Union (EU).	des Warschauer Pakts.	
174	general	DE	174	Wann wurde die DDR gegründet?	1947	1949	1953	1956	Official PDF uses numeric-only answer options.
175	general	DE	175	Wie viele Besatzungszonen gab es in Deutschland nach dem Zweiten Weltkrieg?	3	4	5	6	Official PDF uses numeric-only answer options.
176	general	DE	176	Wie waren die Besatzungszonen Deutschlands nach 1945 verteilt?	1=Großbritannien, 2=Sowjetunion, 3=Frankreich, 4=USA	1=Sowjetunion, 2=Großbritannien, 3=USA, 4=Frankreich	1=Großbritannien, 2=Sowjetunion, 3=USA, 4=Frankreich	1=Großbritannien, 2=USA, 3=Sowjetunion, 4=Frankreich	
177	general	DE	177	Welche deutsche Stadt wurde nach dem Zweiten Weltkrieg in vier Sektoren aufgeteilt?	München	Berlin	Dresden	Frankfurt/Oder	
178	general	DE	178	Vom Juni 1948 bis zum Mai 1949 wurden die Bürgerinnen und Bürger von West-Berlin durch eine Luftbrücke versorgt. Welcher Umstand war dafür verantwortlich?	Für Frankreich war eine Versorgung der West-Berliner Bevölkerung mit dem Flugzeug kostengünstiger.	Die amerikanischen Soldatinnen und Soldaten hatten beim Landtransport Angst vor Überfällen.	Für Großbritannien war die Versorgung über die Luftbrücke schneller.	Die Sowjetunion unterbrach den gesamten Verkehr auf dem Landwege.	
179	general	DE	179	Wie endete der Zweite Weltkrieg in Europa offiziell?	mit dem Tod Adolf Hitlers	durch die bedingungslose Kapitulation Deutschlands	mit dem Rückzug der Deutschen aus den besetzten Gebieten	durch eine Revolution in Deutschland	
180	general	DE	180	Der erste Bundeskanzler der Bundesrepublik Deutschland war …	Ludwig Erhard.	Willy Brandt.	Konrad Adenauer.	Gerhard Schröder.	
181	general	DE	181	Was wollte Willy Brandt mit seinem Kniefall 1970 im ehemaligen jüdischen Ghetto in Warschau ausdrücken? © Bundesregierung/Engelbert Reineke	Er hat sich den ehemaligen Alliierten unterworfen.	Er bat Polen und die polnischen Juden um Vergebung.	Er zeigte seine Demut vor dem Warschauer Pakt.	Er sprach ein Gebet am Grab des Unbekannten Soldaten.	
182	general	DE	182	Wie heißt das jüdische Gebetshaus? □ Basilika □ Moschee □ Synagoge □ Kirche					
183	general	DE	183	"Wann war in der Bundesrepublik Deutschland das ""Wirtschaftswunder""?"	40er Jahre	50er Jahre	70er Jahre	80er Jahre	
184	general	DE	184	184. Auf welcher rechtlichen Grundlage wurde der Staat Israel gegründet? □ eine Resolution der Vereinten Nationen □ ein Beschluss des Zionistenkongresses □ ein Vorschlag der Bundesregierung □ ein Vorschlag der UdSSR					
185	general	DE	185	"Wofür stand der Ausdruck ""Eiserner Vorhang""? Für die Abschottung …"	des Warschauer Pakts gegen den Westen	Norddeutschlands gegen Süddeutschland	Nazi-Deutschlands gegen die Alliierten	Europas gegen die USA	
186	general	DE	186	Im Jahr 1953 gab es in der DDR einen Aufstand, an den lange Zeit in der Bundesrepublik Deutschland ein Feiertag erinnerte. Wann war das?	1. Mai	17. Juni	20. Juli	9. November	
187	general	DE	187	Welcher deutsche Staat hatte eine schwarz-rot-goldene Flagge mit Hammer, Zirkel und Ährenkranz?	Preußen	Bundesrepublik Deutschland	"""Drittes Reich"""	DDR	
188	general	DE	188	In welchem Jahr wurde die Mauer in Berlin gebaut?	1953	1956	1959	1961	Official PDF uses numeric-only answer options.
189	general	DE	189	Wann baute die DDR die Mauer in Berlin?	1919	1933	1961	1990	Official PDF uses numeric-only answer options.
190	general	DE	190	Was bedeutet die Abkürzung DDR?	Dritter Deutscher Rundfunk	Die Deutsche Republik	Dritte Deutsche Republik	Deutsche Demokratische Republik	
191	general	DE	191	Wann wurde die Mauer in Berlin für alle geöffnet?	1987	1989	1992	1995	Official PDF uses numeric-only answer options.
192	general	DE	192	Welches heutige deutsche Bundesland gehörte früher zum Gebiet der DDR?	Brandenburg	Bayern	Saarland	Hessen	
193	general	DE	193	Von 1961 bis 1989 war Berlin …	ohne Bürgermeister.	ein eigener Staat.	durch eine Mauer geteilt.	nur mit dem Flugzeug erreichbar.	
194	general	DE	194	Am 3. Oktober feiert man in Deutschland den Tag der Deutschen …	Einheit.	Nation.	Bundesländer.	Städte.	
195	general	DE	195	Welches heutige deutsche Bundesland gehörte früher zum Gebiet der DDR?	Hessen	Sachsen-Anhalt	Nordrhein-Westfalen	Saarland	
196	general	DE	196	"Warum nennt man die Zeit im Herbst 1989 in der DDR ""Die Wende""? In dieser Zeit veränderte sich die DDR politisch …"	von einer Diktatur zur Demokratie.	von einer liberalen Marktwirtschaft zum Sozialismus.	von einer Monarchie zur Sozialdemokratie.	von einem religiösen Staat zu einem kommunistischen Staat.	
197	general	DE	197	Welches heutige deutsche Bundesland gehörte früher zum Gebiet der DDR?	Thüringen	Hessen	Bayern	Bremen	
198	general	DE	198	Welches heutige deutsche Bundesland gehörte früher zum Gebiet der DDR?	Bayern	Niedersachsen	Sachsen	Baden-Württemberg	
199	general	DE	199	"Mit der Abkürzung ""Stasi"" meinte man in der DDR …"	das Parlament.	das Ministerium für Staatssicherheit.	eine regierende Partei.	das Ministerium für Volksbildung.	
200	general	DE	200	Welches heutige deutsche Bundesland gehörte früher zum Gebiet der DDR?	Hessen	Schleswig-Holstein	Mecklenburg-Vorpommern	Saarland	
201	general	DE	201	Welche der folgenden Auflistungen enthält nur Bundesländer, die zum Gebiet der früheren DDR gehörten?	Niedersachsen, Nordrhein-Westfalen, Hessen, Schleswig-Holstein, Brandenburg	Mecklenburg-Vorpommern, Brandenburg, Sachsen, Sachsen-Anhalt, Thüringen	Bayern, Baden-Württemberg, Rheinland-Pfalz, Thüringen, Sachsen	Sachsen, Thüringen, Hessen, Niedersachen, Brandenburg	
202	general	DE	202	"Zu wem gehörte die DDR im ""Kalten Krieg""?"	zu den Westmächten	zum Warschauer Pakt	zur NATO	zu den blockfreien Staaten	
203	general	DE	203	Wie hieß das Wirtschaftssystem der DDR?	Marktwirtschaft	Planwirtschaft	Angebot und Nachfrage	Kapitalismus	
204	general	DE	204	Wie wurden die Bundesrepublik Deutschland und die DDR zu einem Staat?	Die Bundesrepublik hat die DDR besetzt.	Die heutigen fünf östlichen Bundesländer sind der Bundesrepublik Deutschland beigetreten.	Die westlichen Bundesländer sind der DDR beigetreten.	Die DDR hat die Bundesrepublik Deutschland besetzt.	
205	general	DE	205	Mit dem Beitritt der DDR zur Bundesrepublik Deutschland gehören die neuen Bundesländer nun auch …	zur Europäischen Union.	zum Warschauer Pakt.	zur OPEC.	zur Europäischen Verteidigungsgemeinschaft.	
206	general	DE	206	206. Woran erinnern die sogenannten „Stolpersteine“ in Deutschland? □ an berühmte deutsche Politikerinnen und Politiker □ an die Opfer des Nationalsozialismus □ an Verkehrstote □ an bekannte jüdische Musiker					
207	general	DE	207	In welchem Militärbündnis war die DDR Mitglied?	in der NATO	im Rheinbund	im Warschauer Pakt	im Europabündnis	
208	general	DE	208	"Was war die ""Stasi""?"	"der Geheimdienst im ""Dritten Reich"""	eine berühmte deutsche Gedenkstätte	der Geheimdienst der DDR	ein deutscher Sportverein während des Zweiten Weltkrieges	
209	general	DE	209	Welches war das Wappen der Deutschen Demokratischen Republik?	Bild 1	Bild 2	Bild 3	Bild 4	Official PDF uses image labels for answer options.
210	general	DE	210	Was ereignete sich am 17. Juni 1953 in der DDR?	der feierliche Beitritt zum Warschauer Pakt	landesweite Streiks und ein Volksaufstand	der 1. SED-Parteitag	der erste Besuch Fidel Castros	
211	general	DE	211	"Welcher Politiker steht für die ""Ostverträge""?"	Helmut Kohl	Willy Brandt	Michail Gorbatschow	Ludwig Erhard	
212	general	DE	212	Wie heißt Deutschland mit vollem Namen?	Bundesstaat Deutschland	Bundesländer Deutschland	Bundesrepublik Deutschland	Bundesbezirk Deutschland	
213	general	DE	213	Wie viele Einwohner hat Deutschland?	70 Millionen	78 Millionen	84 Millionen	90 Millionen	
214	general	DE	214	Welche Farben hat die deutsche Flagge?	schwarz-rot-gold	rot-weiß-schwarz	schwarz-rot-grün	schwarz-gelb-rot	
215	general	DE	215	"Wer wird als ""Kanzler der Deutschen Einheit"" bezeichnet?"	Gerhard Schröder	Helmut Kohl	Konrad Adenauer	Helmut Schmidt	
216	general	DE	216	Welches Symbol ist im Plenarsaal des Deutschen Bundestages zu sehen? © Deutscher Bundestag/Janine Schmitz	der Bundesadler	die Fahne der Stadt Berlin	der Reichsadler	die Reichskrone	
217	general	DE	217	In welchem Zeitraum gab es die Deutsche Demokratische Republik (DDR)?	1919 bis 1927	1933 bis 1945	1945 bis 1961	1949 bis 1990	
218	general	DE	218	Wie viele Bundesländer kamen bei der Wiedervereinigung 1990 zur Bundesrepublik Deutschland hinzu?	4	5	6	7	Official PDF uses numeric-only answer options.
219	general	DE	219	Die Bundesrepublik Deutschland hat die Grenzen von heute seit …	1933	1949	1971	1990	Official PDF uses numeric-only answer options.
220	general	DE	220	Der 27. Januar ist in Deutschland ein offizieller Gedenktag. Woran erinnert dieser Tag?	an das Ende des Zweiten Weltkrieges	an die Verabschiedung des Grundgesetzes	an die Wiedervereinigung Deutschlands	an die Opfer des Nationalsozialismus (Tag der Befreiung des Vernichtungslagers Auschwitz)	
221	general	DE	221	Deutschland ist Mitglied des Schengener Abkommens. Was bedeutet das?	Deutsche können in viele Länder Europas ohne Passkontrolle reisen.	Alle Menschen können ohne Personenkontrolle in Deutschland einreisen.	Deutsche können ohne Passkontrolle in jedes Land reisen.	Deutsche können in jedem Land mit dem Euro bezahlen.	
222	general	DE	222	Welches Land ist ein Nachbarland von Deutschland?	Ungarn	Portugal	Spanien	Schweiz	
223	general	DE	223	Welches Land ist ein Nachbarland von Deutschland?	Rumänien	Bulgarien	Polen	Griechenland	
224	general	DE	224	Was bedeutet die Abkürzung EU?	Europäische Unternehmen	Europäische Union	Einheitliche Union	Euro Union	
225	general	DE	225	In welchem anderen Land gibt es eine große deutschsprachige Bevölkerung?	Tschechien	Norwegen	Spanien	Österreich	
226	general	DE	226	Welche ist die Flagge der Europäischen Union?	Bild 1	Bild 2	Bild 3	Bild 4	Official PDF uses image labels for answer options.
227	general	DE	227	Welches Land ist ein Nachbarland von Deutschland?	Finnland	Dänemark	Norwegen	Schweden	
228	general	DE	228	Wie wird der Beitritt der DDR zur Bundesrepublik Deutschland im Jahr 1990 allgemein genannt?	NATO-Osterweiterung	EU-Osterweiterung	Deutsche Wiedervereinigung	Europäische Gemeinschaft	
229	general	DE	229	Welches Land ist ein Nachbarland von Deutschland?	Spanien	Bulgarien	Norwegen	Luxemburg	
230	general	DE	230	Das Europäische Parlament wird regelmäßig gewählt, nämlich alle …	5 Jahre.	6 Jahre.	7 Jahre.	8 Jahre.	
231	general	DE	231	"Was bedeutet der Begriff ""europäische Integration""?"	Damit sind amerikanische Einwanderinnen und Einwanderer in Europa gemeint.	Der Begriff meint den Einwanderungsstopp nach Europa.	Damit sind europäische Auswanderinnen und Auswanderer in den USA gemeint.	Der Begriff meint den Zusammenschluss europäischer Staaten zur EU.	
232	general	DE	232	Wer wird bei der Europawahl gewählt?	die Europäische Kommission	die Länder, die in die EU eintreten dürfen	die Abgeordneten des Europäischen Parlaments	die europäische Verfassung	
233	general	DE	233	Welches Land ist ein Nachbarland von Deutschland?	Tschechien	Bulgarien	Griechenland	Portugal	
234	general	DE	234	Wo ist ein Sitz des Europäischen Parlaments?	London	Paris	Berlin	Straßburg	
235	general	DE	235	Der damalige französische Staatspräsident François Mitterrand und der damalige deutsche Bundeskanzler Helmut Kohl gedenken in Verdun gemeinsam der Toten beider Weltkriege. Welches Ziel der Europäischen Union wird bei diesem Treffen deutlich? © Bundesregierung/Richard Schulze-Vorberg	Freundschaft zwischen England und Deutschland	Reisefreiheit in alle Länder der EU	Frieden und Sicherheit in den Ländern der EU	einheitliche Feiertage in den Ländern der EU	
236	general	DE	236	Wie viele Mitgliedstaaten hat die EU heute?	21	23	25	27	Official PDF uses numeric-only answer options.
237	general	DE	237	"2007 wurde das 50-jährige Jubiläum der ""Römischen Verträge"" gefeiert. Was war der Inhalt der Verträge?"	Beitritt Deutschlands zur NATO	Gründung der Europäischen Wirtschaftsgemeinschaft (EWG)	Verpflichtung Deutschlands zu Reparationsleistungen	Festlegung der Oder-Neiße-Linie als Ostgrenze	
238	general	DE	238	An welchen Orten arbeitet das Europäische Parlament?	Paris, London und Den Haag	Straßburg, Luxemburg und Brüssel	Rom, Bern und Wien	Bonn, Zürich und Mailand	
239	general	DE	239	Durch welche Verträge schloss sich die Bundesrepublik Deutschland mit anderen Staaten zur Europäischen Wirtschaftsgemeinschaft zusammen?	"durch die ""Hamburger Verträge"""	"durch die ""Römischen Verträge"""	"durch die ""Pariser Verträge"""	"durch die ""Londoner Verträge"""	
240	general	DE	240	Seit wann bezahlt man in Deutschland mit dem Euro in bar?	1995	1998	2002	2005	Official PDF uses numeric-only answer options.
241	general	DE	241	Frau Seger bekommt ein Kind. Was muss sie tun, um Elterngeld zu erhalten?	Sie muss an ihre Krankenkasse schreiben.	Sie muss einen Antrag bei der Elterngeldstelle stellen.	Sie muss nichts tun, denn sie bekommt automatisch Elterngeld.	Sie muss das Arbeitsamt um Erlaubnis bitten.	
242	general	DE	242	Wer entscheidet, ob ein Kind in Deutschland in den Kindergarten geht?	der Staat	die Bundesländer	die Eltern/die Erziehungsberechtigten	die Schulen	
243	general	DE	243	Maik und Sybille wollen mit Freunden an ihrem deutschen Wohnort eine Demonstration auf der Straße abhalten. Was müssen sie vorher tun?	Sie müssen die Demonstration anmelden.	Sie müssen nichts tun. Man darf in Deutschland jederzeit überall demonstrieren.	Sie können gar nichts tun, denn Demonstrationen sind in Deutschland grundsätzlich verboten.	Maik und Sybille müssen einen neuen Verein gründen, weil nur Vereine demonstrieren dürfen.	
244	general	DE	244	Welchen Schulabschluss braucht man normalerweise, um an einer Universität in Deutschland ein Studium zu beginnen?	das Abitur	ein Diplom	die Prokura	eine Gesellenprüfung	
245	general	DE	245	Wer darf in Deutschland nicht als Paar zusammenleben?	Hans (20 Jahre) und Marie (19 Jahre)	Tom (20 Jahre) und Klaus (45 Jahre)	Sofie (35 Jahre) und Lisa (40 Jahre)	Anne (13 Jahre) und Tim (25 Jahre)	
246	general	DE	246	Ab welchem Alter ist man in Deutschland volljährig?	16	18	19	21	Official PDF uses numeric-only answer options.
247	general	DE	247	Eine Frau ist schwanger. Sie ist kurz vor und nach der Geburt ihres Kindes vom Gesetz besonders beschützt. Wie heißt dieser Schutz?	Elternzeit	Mutterschutz	Geburtsvorbereitung	Wochenbett	
248	general	DE	248	Die Erziehung der Kinder ist in Deutschland vor allem Aufgabe …	des Staates.	der Eltern.	der Großeltern.	der Schulen.	
249	general	DE	249	Wer ist in Deutschland hauptsächlich verantwortlich für die Kindererziehung?	der Staat	die Eltern	die Verwandten	die Schulen	
250	general	DE	250	In Deutschland hat man die besten Chancen auf einen gut bezahlten Arbeitsplatz, wenn man …	katholisch ist.	gut ausgebildet ist.	eine Frau ist.	Mitglied einer Partei ist.	
251	general	DE	251	Wenn man in Deutschland ein Kind schlägt, …	geht das niemanden etwas an.	geht das nur die Familie etwas an.	kann man dafür nicht bestraft werden.	kann man dafür bestraft werden.	
252	general	DE	252	In Deutschland …	darf man zur gleichen Zeit nur mit einer Partnerin/einem Partner verheiratet sein.	kann man mehrere Ehepartnerinnen/Ehepartner gleichzeitig haben.	darf man nicht wieder heiraten, wenn man einmal verheiratet war.	darf eine Frau nicht wieder heiraten, wenn ihr Mann gestorben ist.	
253	general	DE	253	Wo müssen Sie sich anmelden, wenn Sie in Deutschland umziehen?	beim Einwohnermeldeamt	beim Standesamt	beim Ordnungsamt	beim Gewerbeamt	
254	general	DE	254	"In Deutschland dürfen Ehepaare sich scheiden lassen. Meistens müssen sie dazu das ""Trennungsjahr"" einhalten. Was bedeutet das?"	Der Scheidungsprozess dauert ein Jahr.	Die Ehegatten sind ein Jahr verheiratet, dann ist die Scheidung möglich.	Das Besuchsrecht für die Kinder gilt ein Jahr.	Die Ehegatten führen mindestens ein Jahr getrennt ihr eigenes Leben. Danach ist die Scheidung möglich.	
255	general	DE	255	Bei Erziehungsproblemen können Eltern in Deutschland Hilfe erhalten vom …	Ordnungsamt.	Schulamt.	Jugendamt.	Gesundheitsamt.	
256	general	DE	256	Ein Ehepaar möchte in Deutschland ein Restaurant eröffnen. Was braucht es dazu unbedingt?	eine Erlaubnis der Polizei	eine Genehmigung einer Partei	eine Genehmigung des Einwohnermeldeamts	eine Gaststättenerlaubnis von der zuständigen Behörde	
257	general	DE	257	Eine erwachsene Frau möchte in Deutschland das Abitur nachholen. Das kann sie an …	einer Hochschule.	einem Abendgymnasium.	einer Hauptschule.	einer Privatuniversität.	
258	general	DE	258	Was darf das Jugendamt in Deutschland?	Es entscheidet, welche Schule das Kind besucht.	Es kann ein Kind, das geschlagen wird oder hungern muss, aus der Familie nehmen.	Es bezahlt das Kindergeld an die Eltern.	Es kontrolliert, ob das Kind einen Kindergarten besucht.	
259	general	DE	259	Das Berufsinformationszentrum BIZ bei der Bundesagentur für Arbeit in Deutschland hilft bei der …	Rentenberechnung.	Lehrstellensuche.	Steuererklärung.	Krankenversicherung.	
260	general	DE	260	In Deutschland hat ein Kind in der Schule …	Recht auf unbegrenzte Freizeit.	Wahlfreiheit für alle Fächer.	Anspruch auf Schulgeld.	Anwesenheitspflicht.	
261	general	DE	261	Ein Mann möchte mit 30 Jahren in Deutschland sein Abitur nachholen. Wo kann er das tun? An …	einer Hochschule.	einem Abendgymnasium.	einer Hauptschule.	einer Privatuniversität.	
262	general	DE	262	Was bedeutet in Deutschland der Grundsatz der Gleichbehandlung?	Niemand darf z.B. wegen einer Behinderung benachteiligt werden.	Man darf andere Personen benachteiligen, wenn ausreichende persönliche Gründe hierfür vorliegen.	Niemand darf gegen Personen klagen, wenn sie benachteiligt wurden.	Es ist für alle Gesetz, benachteiligten Gruppen jährlich Geld zu spenden.	
263	general	DE	263	In Deutschland sind Jugendliche ab 14 Jahren strafmündig. Das bedeutet: Jugendliche, die 14 Jahre und älter sind und gegen Strafgesetze verstoßen, …	werden bestraft.	werden wie Erwachsene behandelt.	teilen die Strafe mit ihren Eltern.	werden nicht bestraft.	
264	general	DE	264	Zu welchem Fest tragen Menschen in Deutschland bunte Kostüme und Masken?	am Rosenmontag	am Maifeiertag	beim Oktoberfest	an Pfingsten	
265	general	DE	265	Wohin muss man in Deutschland zuerst gehen, wenn man heiraten möchte?	zum Einwohnermeldeamt	zum Ordnungsamt	zur Agentur für Arbeit	zum Standesamt	
266	general	DE	266	Wann beginnt die gesetzliche Nachtruhe in Deutschland?	wenn die Sonne untergeht	wenn die Nachbarn schlafen gehen	um 0 Uhr, Mitternacht	um 22 Uhr	
267	general	DE	267	Eine junge Frau in Deutschland, 22 Jahre alt, lebt mit ihrem Freund zusammen. Die Eltern der Frau finden das nicht gut, weil ihnen der Freund nicht gefällt. Was können die Eltern tun?	Sie müssen die Entscheidung der volljährigen Tochter respektieren.	Sie haben das Recht, die Tochter in die elterliche Wohnung zurückzuholen.	Sie können zur Polizei gehen und die Tochter anzeigen.	Sie suchen einen anderen Mann für die Tochter.	
268	general	DE	268	Eine junge Frau will den Führerschein machen. Sie hat Angst vor der Prüfung, weil ihre Muttersprache nicht Deutsch ist. Was ist richtig?	Sie muss mindestens zehn Jahre in Deutschland leben, bevor sie den Führerschein machen kann.	Wenn sie kein Deutsch kann, darf sie keinen Führerschein haben.	Sie muss den Führerschein in dem Land machen, in dem man ihre Sprache spricht.	Sie kann die Theorie-Prüfung vielleicht in ihrer Muttersprache machen. Es gibt mehr als zehn Sprachen zur Auswahl.	
269	general	DE	269	In Deutschland haben Kinder ab dem Alter von drei Jahren bis zur Ersteinschulung einen Anspruch auf …	monatliches Taschengeld.	einen Platz in einem Sportverein.	einen Kindergartenplatz.	einen Ferienpass.	
270	general	DE	270	Die Volkshochschule in Deutschland ist eine Einrichtung …	für den Religionsunterricht.	nur für Jugendliche.	zur Weiterbildung.	nur für Rentnerinnen und Rentner.	
271	general	DE	271	Was ist in Deutschland ein Brauch zu Weihnachten?	bunte Eier verstecken	einen Tannenbaum schmücken	sich mit Masken und Kostümen verkleiden	Kürbisse vor die Tür stellen	
272	general	DE	272	Welche Lebensform ist in Deutschland nicht erlaubt?	Mann und Frau sind geschieden und leben mit neuen Partnern zusammen.	Zwei Frauen leben zusammen.	Ein alleinerziehender Vater lebt mit seinen zwei Kindern zusammen.	Ein Mann ist mit zwei Frauen zur selben Zeit verheiratet.	
273	general	DE	273	Bei Erziehungsproblemen gehen Sie in Deutschland …	zur Ärztin/zum Arzt.	zum Gesundheitsamt.	zum Einwohnermeldeamt.	zum Jugendamt.	
274	general	DE	274	Sie haben in Deutschland absichtlich einen Brief geöffnet, der an eine andere Person adressiert ist. Was haben Sie nicht beachtet?	das Schweigerecht	das Briefgeheimnis	die Schweigepflicht	die Meinungsfreiheit	
275	general	DE	275	Was braucht man in Deutschland für eine Ehescheidung?	die Einwilligung der Eltern	ein Attest einer Ärztin/eines Arztes	die Einwilligung der Kinder	die Unterstützung einer Anwältin/eines Anwalts	
276	general	DE	276	Was sollten Sie tun, wenn Sie von Ihrer Ansprechpartnerin/Ihrem Ansprechpartner in einer deutschen Behörde schlecht behandelt werden?	Ich kann nichts tun.	Ich muss mir diese Behandlung gefallen lassen.	Ich drohe der Person.	Ich kann mich bei der Behördenleiterin/beim Behördenleiter beschweren.	
277	general	DE	277	Eine Frau, die ein zweijähriges Kind hat, bewirbt sich in Deutschland um eine Stelle. Was ist ein Beispiel für Diskriminierung? Sie bekommt die Stelle nur deshalb nicht, weil sie …	kein Englisch spricht.	zu hohe Gehaltsvorstellungen hat.	keine Erfahrungen in diesem Beruf hat.	Mutter ist.	
278	general	DE	278	Ein Mann im Rollstuhl hat sich auf eine Stelle als Buchhalter beworben. Was ist ein Beispiel für Diskriminierung? Er bekommt die Stelle nur deshalb nicht, weil er …	im Rollstuhl sitzt.	keine Erfahrung hat.	zu hohe Gehaltsvorstellungen hat.	kein Englisch spricht.	
279	general	DE	279	"In den meisten Mietshäusern in Deutschland gibt es eine ""Hausordnung"". Was steht in einer solchen ""Hausordnung""? Sie nennt …"	Regeln für die Benutzung öffentlicher Verkehrsmittel.	alle Mieterinnen und Mieter im Haus.	Regeln, an die sich alle Bewohnerinnen und Bewohner halten müssen.	die Adresse des nächsten Ordnungsamtes.	
280	general	DE	280	Wenn Sie sich in Deutschland gegen einen falschen Steuerbescheid wehren wollen, müssen Sie …	nichts machen.	den Bescheid wegwerfen.	Einspruch einlegen.	warten, bis ein anderer Bescheid kommt.	
281	general	DE	281	Zwei Freunde wollen in ein öffentliches Schwimmbad in Deutschland. Beide haben eine dunkle Hautfarbe und werden deshalb nicht hineingelassen. Welches Recht wird in dieser Situation verletzt? Das Recht auf …	Meinungsfreiheit	Gleichbehandlung	Versammlungsfreiheit	Freizügigkeit	
282	general	DE	282	Welches Ehrenamt müssen deutsche Staatsbürgerinnen und Staatsbürger übernehmen, wenn sie dazu aufgefordert werden?	Vereinstrainerin/Vereinstrainer	Wahlhelferin/Wahlhelfer	Bibliotheksaufsicht	Lehrerin/Lehrer	
283	general	DE	283	Was tun Sie, wenn Sie eine falsche Rechnung von einer deutschen Behörde bekommen?	Ich lasse die Rechnung liegen.	Ich lege Widerspruch bei der Behörde ein.	Ich schicke die Rechnung an die Behörde zurück.	Ich gehe mit der Rechnung zum Finanzamt.	
284	general	DE	284	Was man für die Arbeit können muss, ändert sich in Zukunft sehr schnell. Was kann man tun?	Es ist egal, was man lernt.	Erwachsene müssen auch nach der Ausbildung immer weiter lernen.	Kinder lernen in der Schule alles, was im Beruf wichtig ist. Nach der Schule muss man nicht weiter lernen.	Alle müssen früher aufhören zu arbeiten, weil sich alles ändert.	
285	general	DE	285	Frau Frost arbeitet als fest angestellte Mitarbeiterin in einem Büro. Was muss sie nicht von ihrem Gehalt bezahlen?	Lohnsteuer	Beiträge zur Arbeitslosenversicherung	Beiträge zur Renten- und Krankenversicherung	Umsatzsteuer	
286	general	DE	286	Welche Organisation in einer Firma hilft den Arbeitnehmerinnen und Arbeitnehmern bei Problemen mit der Arbeitgeberin/dem Arbeitgeber?	der Betriebsrat	die Betriebsprüferin/der Betriebsprüfer	die Betriebsgruppe	das Betriebsmanagement	
287	general	DE	287	Sie möchten bei einer Firma in Deutschland ihr Arbeitsverhältnis beenden. Was müssen Sie beachten?	die Gehaltszahlungen	die Arbeitszeit	die Kündigungsfrist	die Versicherungspflicht	
288	general	DE	288	Woraus begründet sich Deutschlands besondere Verantwortung für Israel? □ aus der Mitgliedschaft in der Europäischen Union (EU) □ aus den nationalsozialistischen Verbrechen gegen Juden □ aus dem Grundgesetz der Bundesrepublik Deutschland □ aus der christlichen Tradition					
289	general	DE	289	Ein Mann mit dunkler Hautfarbe bewirbt sich um eine Stelle als Kellner in einem Restaurant in Deutschland. Was ist ein Beispiel für Diskriminierung? Er bekommt die Stelle nur deshalb nicht, weil …	seine Deutschkenntnisse zu gering sind.	er zu hohe Gehaltsvorstellungen hat.	er eine dunkle Haut hat.	er keine Erfahrungen im Beruf hat.	
290	general	DE	290	Sie haben in Deutschland einen Fernseher gekauft. Zu Hause packen Sie den Fernseher aus, doch er funktioniert nicht. Der Fernseher ist kaputt. Was können Sie machen?	eine Anzeige schreiben	den Fernseher reklamieren	das Gerät ungefragt austauschen	die Garantie verlängern	
291	general	DE	291	Warum muss man in Deutschland bei der Steuererklärung aufschreiben, ob man zu einer Kirche gehört oder nicht? Weil …	es eine Kirchensteuer gibt, die an die Einkommen- und Lohnsteuer geknüpft ist.	das für die Statistik in Deutschland wichtig ist.	man mehr Steuern zahlen muss, wenn man nicht zu einer Kirche gehört.	die Kirche für die Steuererklärung verantwortlich ist.	
292	general	DE	292	Die Menschen in Deutschland leben nach dem Grundsatz der religiösen Toleranz. Was bedeutet das?	Es dürfen keine Moscheen gebaut werden.	Alle Menschen glauben an Gott.	Jeder kann glauben, was er möchte.	Der Staat entscheidet, an welchen Gott die Menschen glauben.	
293	general	DE	293	Was ist in Deutschland ein Brauch zu Ostern?	Kürbisse vor die Tür stellen	einen Tannenbaum schmücken	Eier bemalen	Raketen in die Luft schießen	
294	general	DE	294	Pfingsten ist ein …	christlicher Feiertag.	deutscher Gedenktag.	internationaler Trauertag.	bayerischer Brauch.	
295	general	DE	295	Welche Religion hat die europäische und deutsche Kultur geprägt?	der Hinduismus	das Christentum	der Buddhismus	der Islam	
296	general	DE	296	In Deutschland nennt man die letzten vier Wochen vor Weihnachten …	den Buß- und Bettag.	das Erntedankfest.	die Adventszeit.	Allerheiligen.	
297	general	DE	297	Aus welchem Land sind die meisten Migrantinnen und Migranten nach Deutschland gekommen?	Italien	Polen	Marokko	Türkei	
298	general	DE	298	In der DDR lebten vor allem Migrantinnen und Migranten aus …	Vietnam, Polen, Mosambik.	Frankreich, Rumänien, Somalia.	Chile, Ungarn, Simbabwe.	Nordkorea, Mexiko, Ägypten.	
299	general	DE	299	Ausländische Arbeitnehmerinnen und Arbeitnehmer, die in den 50er und 60er Jahren von der Bundesrepublik Deutschland angeworben wurden, nannte man …	Schwarzarbeiterinnen/Schwarzarbeiter.	Gastarbeiterinnen/Gastarbeiter.	Zeitarbeiterinnen/Zeitarbeiter.	Schichtarbeiterinnen/Schichtarbeiter.	
300	general	DE	300	Aus welchem Land kamen die ersten Gastarbeiterinnen und Gastarbeiter in die Bundesrepublik Deutschland?	Italien	Spanien	Portugal	Türkei	
301	state	BY	1	Welches Wappen gehört zum Freistaat Bayern?	Bild 1	Bild 2	Bild 3	Bild 4	Official PDF uses image labels for answer options.
302	state	BY	2	Welches ist ein Landkreis in Bayern?	Prignitz	Rhein-Sieg-Kreis	Nordfriesland	Altötting	
303	state	BY	3	Für wie viele Jahre wird der Landtag in Bayern gewählt?	3	4	5	6	Official PDF uses numeric-only answer options.
304	state	BY	4	Ab welchem Alter darf man in Bayern bei Kommunalwahlen wählen?	14	16	18	20	Official PDF uses numeric-only answer options.
305	state	BY	5	Welche Farben hat die Landesflagge von Bayern?	blau-weiß-rot	weiß-blau	grün-weiß-rot	schwarz-gelb	
306	state	BY	6	Wo können Sie sich in Bayern über politische Themen informieren?	beim Ordnungsamt der Gemeinde	bei der Landeszentrale für politische Bildung	bei der Verbraucherzentrale	bei den Kirchen	
307	state	BY	7	Die Landeshauptstadt von Bayern heißt …	Ingolstadt.	Regensburg.	Nürnberg.	München.	
308	state	BY	8	Welches Bundesland ist Bayern?	1	2	3	4	Official PDF uses numeric-only answer options.
309	state	BY	9	Wie nennt man die Regierungschefin/den Regierungschef in Bayern?	Erste Ministerin/Erster Minister	Premierministerin/Premierminister	Bürgermeisterin/Bürgermeister	Ministerpräsidentin/Ministerpräsident	
310	state	BY	10	Welche Ministerin/welchen Minister hat Bayern nicht?	Justizministerin/Justizminister	Außenministerin/Außenminister	Finanzministerin/Finanzminister	Innenministerin/Innenminister	
